municipio,codigo_ibge,idhm_2010,dist_km_geodesica_salvador,dist_km_rodoviaria_salvador,duracao_h_viagem,origem_endereco,origem_coords,destino_municipio_endereco,destino_municipio_coords
Abaíra,2900108,140.0,342.8,534.4,7.65,Rua da Misericórdia,"-12.974331, -38.512191",Abaíra,"-13.251333, -41.664738"
Abaré,2900207,278.0,477.4,552.0,7.75,Rua da Misericórdia,"-12.974331, -38.512191",Avenida Edesio Tolentino,"-8.721852, -39.114348"
Acajutiba,2900306,241.0,155.5,185.1,2.9,Rua da Misericórdia,"-12.974331, -38.512191",Avenida Saturnino de Menezes,"-11.66086, -38.018958"
Adustina,2900355,377.0,274.4,378.3,5.69,Rua da Misericórdia,"-12.974331, -38.512191",Avenida José Joaquim de Santana,"-10.537244, -38.116823"
Água Fria,2900405,368.0,124.9,156.9,2.3,Rua da Misericórdia,"-12.974331, -38.512191",Estrada para o Açude,"-11.87741, -38.76617"
Aiquara,2900603,237.0,196.4,412.0,6.12,Rua da Misericórdia,"-12.974331, -38.512191",Aiquara,"-14.126905, -39.888606"
Alagoinhas,2900702,15.0,144.3,167.1,2.63,Rua da Misericórdia,"-12.974331, -38.512191",Alagoinhas,"-11.800591, -37.945209"
Alcobaça,2900801,125.0,513.1,841.4,14.0,Rua da Misericórdia,"-12.974331, -38.512191",Praça São Bernardo,"-17.541317, -39.192218"
Almadina,2900900,324.0,227.5,455.5,7.34,Rua da Misericórdia,"-12.974331, -38.512191",Rua Mestre Antônio,"-14.703672, -39.638227"
Amargosa,2901007,74.0,118.4,231.9,3.6,Rua da Misericórdia,"-12.974331, -38.512191",Rua Riachuelo,"-13.030105, -39.603976"
Amélia Rodrigues,2901106,30.0,68.8,88.6,1.22,Rua da Misericórdia,"-12.974331, -38.512191",Rua da França,"-12.402044, -38.75251"
América Dourada,2901155,329.0,360.0,430.9,6.55,Rua da Misericórdia,"-12.974331, -38.512191",Rua Nestor Borges,"-11.451523, -41.435756"
Anagé,2901205,395.0,337.0,541.1,7.98,Rua da Misericórdia,"-12.974331, -38.512191",Rua João Paulo,"-14.613477, -41.137954"
Andaraí,2901304,353.0,306.2,423.4,5.54,Rua da Misericórdia,"-12.974331, -38.512191",Rua Joaquim Espínola,"-12.806797, -41.332577"
Andorinha,2901353,210.0,325.9,426.1,6.02,Rua da Misericórdia,"-12.974331, -38.512191",Rua do Cruzeiro,"-10.344698, -39.833419"
Angical,2901403,74.0,680.3,860.1,11.8,Rua da Misericórdia,"-12.974331, -38.512191",Avenida Horácio de Souza,"-12.005607, -44.699825"
Anguera,2901502,206.0,121.3,156.0,2.22,Rua da Misericórdia,"-12.974331, -38.512191",Avenida Felipe Pedreira Brandão,"-12.151295, -39.245796"
Antas,2901601,187.0,285.6,356.3,5.33,Rua da Misericórdia,"-12.974331, -38.512191",Praça Dois de Julho,"-10.411543, -38.330775"
Antônio Cardoso,2901700,329.0,89.0,149.7,2.07,Rua da Misericórdia,"-12.974331, -38.512191",Antônio Cardoso,"-12.436356, -39.120126"
Antônio Gonçalves,2901809,165.0,328.9,398.2,5.46,Rua da Misericórdia,"-12.974331, -38.512191",Rua José Pinto Guerra,"-10.571491, -40.274875"
Aporá,2901908,374.0,153.5,191.7,3.01,Rua da Misericórdia,"-12.974331, -38.512191",Rua José Inácio,"-11.659858, -38.079429"
Apuarema,2901957,362.0,165.3,332.4,5.28,Rua da Misericórdia,"-12.974331, -38.512191",Apuarema,"-13.85195, -39.745698"
Araçás,2902054,301.0,91.2,106.1,1.68,Rua da Misericórdia,"-12.974331, -38.512191",Rua Praça da Matriz,"-12.212853, -38.200682"
Aracatu,2902005,246.0,357.1,537.0,8.32,Rua da Misericórdia,"-12.974331, -38.512191",Rua Pedro Afonso Cangussu,"-14.429345, -41.459071"
Araci,2902104,402.0,188.5,221.0,3.17,Rua da Misericórdia,"-12.974331, -38.512191",Rua José Pinheiro,"-11.337422, -38.963079"
Aramari,2902203,210.0,98.2,127.6,2.03,Rua da Misericórdia,"-12.974331, -38.512191",Rua da Bela Vista,"-12.090776, -38.49876"
Arataca,2902252,339.0,272.2,491.7,7.82,Rua da Misericórdia,"-12.974331, -38.512191",Arataca,"-15.261565, -39.412535"
Aratuípe,2902302,278.0,54.2,198.4,3.11,Rua da Misericórdia,"-12.974331, -38.512191",Beco da Glória,"-13.077161, -39.000831"
Aurelino Leal,2902401,307.0,173.2,366.7,5.83,Rua da Misericórdia,"-12.974331, -38.512191",Rua Pedro Elias,"-14.316538, -39.325557"
Baianópolis,2902500,206.0,658.0,812.3,11.06,Rua da Misericórdia,"-12.974331, -38.512191",Baianópolis,"-12.306799, -44.538072"
Baixa Grande,2902609,225.0,211.8,262.8,3.9,Rua da Misericórdia,"-12.974331, -38.512191",Rua Joaquim Pamponet Pires,"-11.962749, -40.166055"
Banzaê,2902658,253.0,266.4,336.1,5.06,Rua da Misericórdia,"-12.974331, -38.512191",Banzaê,"-10.580453, -38.613079"
Barra,2902708,347.0,313.2,478.4,7.38,Rua da Misericórdia,"-12.974331, -38.512191",Avenida Doutor João Moisés de Oliveira,"-13.627078, -41.328014"
Barra da Estiva,2902807,278.0,313.2,478.4,7.38,Rua da Misericórdia,"-12.974331, -38.512191",Avenida Doutor João Moisés de Oliveira,"-13.627078, -41.328014"
Barra do Choça,2902906,366.0,306.2,507.2,7.55,Rua da Misericórdia,"-12.974331, -38.512191",Avenida Roduzindo Santos,"-14.863864, -40.576572"
Barra do Mendes,2903003,68.0,406.3,575.1,7.77,Rua da Misericórdia,"-12.974331, -38.512191",Avenida Juracy Magalhães,"-11.805331, -42.057061"
Barra do Rocha,2903102,266.0,180.8,367.1,5.81,Rua da Misericórdia,"-12.974331, -38.512191",Barra do Rocha,"-14.209018, -39.600281"
Barreiras,2903201,3.0,616.5,878.0,12.19,Rua da Misericórdia,"-12.974331, -38.512191",Barreiras,"-13.384802, -44.190709"
Barro Alto,2903235,128.0,392.7,557.0,7.5,Rua da Misericórdia,"-12.974331, -38.512191",Rua Edgar Dourado Lima,"-11.761072, -41.908394"
Barro Preto,2903300,144.0,228.6,434.0,7.07,Rua da Misericórdia,"-12.974331, -38.512191",Rua Francisco Celestino,"-14.8067, -39.472646"
Barrocas,2903276,120.0,171.6,202.2,2.92,Rua da Misericórdia,"-12.974331, -38.512191",Avenida Sinfrônio Queiroz,"-11.533403, -39.080618"
Belmonte,2903409,165.0,323.4,698.8,11.77,Rua da Misericórdia,"-12.974331, -38.512191",Avenida Dom Pedro Segundo,"-15.860667, -38.881552"
Belo Campo,2903508,278.0,463.3,682.5,10.25,Rua da Misericórdia,"-12.974331, -38.512191",Rua 7 de Setembro,"-13.771916, -42.715682"
Biritinga,2903607,399.0,153.6,205.8,2.94,Rua da Misericórdia,"-12.974331, -38.512191",Praça da Matriz,"-11.622893, -38.806592"
Boa Nova,2903706,308.0,239.7,445.9,6.61,Rua da Misericórdia,"-12.974331, -38.512191",Boa Nova,"-14.36544, -40.206506"
Boa Vista do Tupim,2903805,366.0,229.9,328.1,4.38,Rua da Misericórdia,"-12.974331, -38.512191",Rua Marcelino Ribeiro,"-12.660349, -40.608427"
Bom Jesus da Lapa,2903904,61.0,532.4,794.7,11.09,Rua da Misericórdia,"-12.974331, -38.512191",Travessa da Liberdade,"-13.255305, -43.420168"
Bom Jesus da Serra,2903953,377.0,551.6,839.3,11.77,Rua da Misericórdia,"-12.974331, -38.512191",Rua Rio de Janeiro,"-13.543859, -43.574857"
Boninal,2904001,114.0,360.9,505.1,6.86,Rua da Misericórdia,"-12.974331, -38.512191",Rua Duque de Caxia,"-12.709143, -41.83004"
Bonito,2904050,329.0,319.2,449.3,5.91,Rua da Misericórdia,"-12.974331, -38.512191",Travessa Juscelino Kubistchek,"-11.966536, -41.264963"
Boquira,2904100,140.0,457.2,613.4,8.82,Rua da Misericórdia,"-12.974331, -38.512191",Rua Santa Barbara,"-12.818435, -42.727176"
Botuporã,2904209,278.0,436.3,664.3,9.66,Rua da Misericórdia,"-12.974331, -38.512191",Rua Henrique de Oliveira Cruz,"-13.378082, -42.52067"
Brejões,2904308,169.0,139.3,280.6,3.99,Rua da Misericórdia,"-12.974331, -38.512191",Praça do Campo,"-13.10281, -39.790973"
Brejolândia,2904407,187.0,593.5,768.1,10.5,Rua da Misericórdia,"-12.974331, -38.512191",Rua Laudelino Xavier,"-12.484654, -43.961391"
Brotas de Macaúbas,2904506,301.0,459.5,605.1,8.15,Rua da Misericórdia,"-12.974331, -38.512191",Praça Coronel Horácio de Matos,"-12.001895, -42.625856"
Brumado,2904605,39.0,367.6,538.4,7.94,Rua da Misericórdia,"-12.974331, -38.512191",Praça Coronel Zeca Leite,"-14.204177, -41.669761"
Buerarema,2904704,110.0,236.5,444.6,7.09,Rua da Misericórdia,"-12.974331, -38.512191",Praça Domingos Cabral,"-14.958366, -39.301375"
Buritirama,2904753,317.0,611.3,767.4,11.78,Rua da Misericórdia,"-12.974331, -38.512191",Avenida Prefeito Arival Viana,"-10.71413, -43.633682"
Caatiba,2904803,329.0,302.6,548.1,8.31,Rua da Misericórdia,"-12.974331, -38.512191",Rua Régis Pacheco,"-14.978198, -40.409244"
Cabaceiras do Paraguaçu,2904852,246.0,88.1,147.2,2.23,Rua da Misericórdia,"-12.974331, -38.512191",Avenida Navio Negreiro,"-12.537727, -39.189976"
Cachoeira,2904902,43.0,63.9,118.6,1.74,Rua da Misericórdia,"-12.974331, -38.512191",Ladeira D'Ajuda,"-12.603774, -38.963202"
Caculé,2905008,52.0,435.3,624.6,9.54,Rua da Misericórdia,"-12.974331, -38.512191",Rua Rui Barbosa,"-14.50749, -42.220071"
Caém,2905107,377.0,295.6,343.9,4.98,Rua da Misericórdia,"-12.974331, -38.512191",Avenida Deputado Marcelo Guimarães Filho,"-11.09121, -40.431412"
Caetanos,2905156,391.0,300.1,507.6,7.75,Rua da Misericórdia,"-12.974331, -38.512191",Avenida da Conquista,"-14.338661, -40.908312"
Caetité,2905206,74.0,444.6,637.3,9.56,Rua da Misericórdia,"-12.974331, -38.512191",Caetité,"-14.053897, -42.471781"
Cafarnaum,2905305,230.0,351.2,449.9,6.85,Rua da Misericórdia,"-12.974331, -38.512191",Rua Djalma Rios,"-11.694586, -41.468306"
Cairu,2905404,70.0,81.0,287.9,4.56,Rua da Misericórdia,"-12.974331, -38.512191",Rua Visconde de Cairu,"-13.486773, -39.043667"
Caldeirão Grande,2905503,289.0,291.8,338.5,4.83,Rua da Misericórdia,"-12.974331, -38.512191",Praça da Saudade,"-11.02065, -40.30426"
Camacan,2905602,246.0,292.0,509.3,8.1,Rua da Misericórdia,"-12.974331, -38.512191",Rua da Prefeitura,"-15.421825, -39.494498"
Camaçari,2905701,10.0,36.4,50.6,0.82,Rua da Misericórdia,"-12.974331, -38.512191",Camaçari,"-12.705681, -38.320085"
Camamu,2905800,317.0,125.5,308.3,4.85,Rua da Misericórdia,"-12.974331, -38.512191",Rua Duque de Caxias,"-13.943475, -39.105859"
Campo Alegre de Lourdes,2905909,347.0,623.2,827.8,12.44,Rua da Misericórdia,"-12.974331, -38.512191",Rua Rui Penalva,"-9.515901, -43.009944"
Campo Formoso,2906006,220.0,337.3,405.8,5.57,Rua da Misericórdia,"-12.974331, -38.512191",Rua Afranio Peixoto,"-10.510437, -40.320218"
Canápolis,2906105,317.0,616.4,853.1,11.85,Rua da Misericórdia,"-12.974331, -38.512191",Canápolis,"-13.072469, -44.200896"
Canarana,2906204,215.0,381.5,538.6,7.2,Rua da Misericórdia,"-12.974331, -38.512191",Avenida Rio Branco,"-11.68688, -41.768407"
Canavieiras,2906303,199.0,304.6,538.5,8.52,Rua da Misericórdia,"-12.974331, -38.512191",Praça Quinze de Novembro,"-15.680738, -38.944561"
Candeal,2906402,215.0,145.8,177.1,2.6,Rua da Misericórdia,"-12.974331, -38.512191",Rua Antônio Martins Filho,"-11.804981, -39.12054"
Candeias,2906501,11.0,34.0,50.3,0.77,Rua da Misericórdia,"-12.974331, -38.512191",Rua São João,"-12.669308, -38.540586"
Candiba,2906600,195.0,497.3,701.7,10.66,Rua da Misericórdia,"-12.974331, -38.512191",Rua José Neves,"-14.412311, -42.871244"
Cândido Sales,2906709,147.0,406.8,603.5,9.13,Rua da Misericórdia,"-12.974331, -38.512191",Rua Deputado Aves Macedo,"-15.505414, -41.237721"
Cansanção,2906808,347.0,278.4,331.0,5.04,Rua da Misericórdia,"-12.974331, -38.512191",Travessa Santo Antônio,"-10.666736, -39.504724"
Canudos,2906824,326.0,346.7,405.6,5.85,Rua da Misericórdia,"-12.974331, -38.512191",Avenida Brasília,"-9.897278, -39.026429"
Capela do Alto Alegre,2906857,155.0,204.2,254.3,3.83,Rua da Misericórdia,"-12.974331, -38.512191",Rua Adelmiro Pereira Sampaio,"-11.670363, -39.836246"
Capim Grosso,2906873,84.0,240.5,277.9,3.96,Rua da Misericórdia,"-12.974331, -38.512191",Avenida Luis Eduardo Magalhães,"-11.378957, -40.006711"
Caraíbas,2906899,353.0,354.5,565.2,8.4,Rua da Misericórdia,"-12.974331, -38.512191",Rua Manoel Lima,"-14.725172, -41.25653"
Caravelas,2906907,96.0,535.4,864.9,14.36,Rua da Misericórdia,"-12.974331, -38.512191",Rua Barão do Rio Branco,"-17.733988, -39.265697"
Cardeal da Silva,2907004,362.0,130.0,160.0,2.56,Rua da Misericórdia,"-12.974331, -38.512191",Rua Antonio de Carvalho,"-11.942829, -37.949453"
Carinhanha,2907103,272.0,587.1,788.9,12.01,Rua da Misericórdia,"-12.974331, -38.512191",Rua Democrata,"-14.2988, -43.77271"
Casa Nova,2907202,301.0,292.0,509.3,8.1,Rua da Misericórdia,"-12.974331, -38.512191",Rua da Prefeitura,"-15.421825, -39.494498"
Castro Alves,2907301,110.0,101.7,186.1,2.88,Rua da Misericórdia,"-12.974331, -38.512191",Praça da Liberdade,"-12.765225, -39.426008"
Catolândia,2907400,241.0,692.8,855.6,11.8,Rua da Misericórdia,"-12.974331, -38.512191",Rua Reinaldo Antônio Pimentel,"-12.315376, -44.861634"
Catu,2907509,17.0,70.4,88.0,1.43,Rua da Misericórdia,"-12.974331, -38.512191",Catu,"-12.354852, -38.375825"
Caturama,2907558,296.0,411.2,643.3,9.33,Rua da Misericórdia,"-12.974331, -38.512191",Rua José Ribeiro Lula,"-13.330822, -42.292794"
Central,2907608,173.0,551.6,839.3,11.77,Rua da Misericórdia,"-12.974331, -38.512191",Rua Rio de Janeiro,"-13.543859, -43.574857"
Chorrochó,2907707,151.0,448.8,506.5,7.15,Rua da Misericórdia,"-12.974331, -38.512191",Rua Vereador Francisco Pereira,"-8.979092, -39.100557"
Cícero Dantas,2907806,225.0,265.2,330.8,4.91,Rua da Misericórdia,"-12.974331, -38.512191",Praça Raimundo Borges Santana,"-10.591932, -38.385543"
Cipó,2907905,147.0,208.5,249.6,4.01,Rua da Misericórdia,"-12.974331, -38.512191",Rua Dom Pedro II,"-11.098815, -38.515632"
Coaraci,2908002,110.0,216.5,436.5,6.99,Rua da Misericórdia,"-12.974331, -38.512191",Avenida Juracy Magalhães,"-14.640582, -39.549606"
Cocos,2908101,173.0,665.0,879.2,13.42,Rua da Misericórdia,"-12.974331, -38.512191",Avenida Camaçari,"-14.180863, -44.537955"
Conceição da Feira,2908200,58.0,74.6,128.2,1.85,Rua da Misericórdia,"-12.974331, -38.512191",Conceição da Feira,"-12.501358, -38.999971"
Conceição do Almeida,2908309,131.0,74.5,158.8,2.45,Rua da Misericórdia,"-12.974331, -38.512191",Rua Mário Caldas,"-12.776974, -39.169016"
Conceição do Coité,2908408,116.0,177.0,217.9,3.09,Rua da Misericórdia,"-12.974331, -38.512191",Rua José Ramos Guimares,"-11.571568, -39.281617"
Conceição do Jacuípe,2908507,35.0,77.2,102.0,1.41,Rua da Misericórdia,"-12.974331, -38.512191",Rua 13 de Maio,"-12.327146, -38.768374"
Conde,2908606,334.0,161.8,180.2,2.55,Rua da Misericórdia,"-12.974331, -38.512191",Conde,"-11.813117, -37.614142"
Condeúba,2908705,241.0,430.5,648.3,9.89,Rua da Misericórdia,"-12.974331, -38.512191",Condeúba,"-14.902182, -41.97198"
Contendas do Sincorá,2908804,266.0,287.3,436.0,6.35,Rua da Misericórdia,"-12.974331, -38.512191",Rua 13 de Maio,"-13.761081, -41.041959"
Coração de Maria,2908903,187.0,84.8,112.5,1.57,Rua da Misericórdia,"-12.974331, -38.512191",Coração de Maria,"-12.247199, -38.748183"
Cordeiros,2909000,253.0,434.5,665.1,10.2,Rua da Misericórdia,"-12.974331, -38.512191",Rua Jacinto Braz Ribeiro,"-15.039867, -41.931242"
Coribe,2909109,151.0,650.0,949.2,13.27,Rua da Misericórdia,"-12.974331, -38.512191",Avenida Bahia,"-13.828298, -44.457124"
Coronel João Sá,2909208,401.0,305.8,403.5,6.27,Rua da Misericórdia,"-12.974331, -38.512191",Avenida Doutor Carvalho de Sá,"-10.284537, -37.927128"
Correntina,2909307,140.0,664.1,933.1,13.03,Rua da Misericórdia,"-12.974331, -38.512191",Rua Pedro Guerra,"-13.344067, -44.635003"
Cotegipe,2909406,199.0,632.7,821.0,11.18,Rua da Misericórdia,"-12.974331, -38.512191",Rua Barão do Rio Branco,"-12.031712, -44.26048"
Cravolândia,2909505,155.0,147.3,293.2,4.58,Rua da Misericórdia,"-12.974331, -38.512191",Cravolândia,"-13.35784, -39.814389"
Crisópolis,2909604,389.0,167.5,211.5,3.32,Rua da Misericórdia,"-12.974331, -38.512191",Crisópolis,"-11.510125, -38.149804"
Cristópolis,2909703,104.0,645.9,796.3,10.71,Rua da Misericórdia,"-12.974331, -38.512191",Avenida Padre Vieira,"-12.234815, -44.416086"
Cruz das Almas,2909802,9.0,72.2,143.4,2.23,Rua da Misericórdia,"-12.974331, -38.512191",Praça Senador Temístocles,"-12.674205, -39.102745"
Curaçá,2909901,246.0,468.1,594.5,8.52,Rua da Misericórdia,"-12.974331, -38.512191",Avenida Doutor Euvaldo Torres de Aquino,"-8.992099, -39.905105"
Dário Meira,2910008,395.0,221.1,394.0,6.37,Rua da Misericórdia,"-12.974331, -38.512191",Rua Bom Jardim,"-14.43336, -39.902918"
Dias d'Ávila,2910057,20.0,46.2,55.9,0.9,Rua da Misericórdia,"-12.974331, -38.512191",Travessa Raimundo Conceição Tabelião,"-12.607933, -38.310492"
Dom Basílio,2910107,195.0,363.2,591.9,8.79,Rua da Misericórdia,"-12.974331, -38.512191",Avenida Rodrigo Alves,"-13.758842, -41.771758"
Dom Macedo Costa,2910206,62.0,73.9,176.0,2.74,Rua da Misericórdia,"-12.974331, -38.512191",Rua Manoel Francisco dos Santos,"-12.90775, -39.190588"
Elísio Medrado,2910305,80.0,109.3,220.0,3.52,Rua da Misericórdia,"-12.974331, -38.512191",Rua Leonídia Santos,"-12.947025, -39.52036"
Encruzilhada,2910404,385.0,384.2,615.5,9.29,Rua da Misericórdia,"-12.974331, -38.512191",Rua Guarinos,"-15.533428, -40.907715"
Entre Rios,2910503,100.0,123.3,142.8,2.27,Rua da Misericórdia,"-12.974331, -38.512191",Entre Rios,"-11.945924, -38.086604"
Érico Cardoso,2900504,230.0,395.6,647.0,9.77,Rua da Misericórdia,"-12.974331, -38.512191",Rua Castelo Branco,"-13.419193, -42.137955"
Esplanada,2910602,206.0,144.3,167.1,2.63,Rua da Misericórdia,"-12.974331, -38.512191",Esplanada,"-11.800591, -37.945209"
Euclides da Cunha,2910701,308.0,280.2,324.8,4.83,Rua da Misericórdia,"-12.974331, -38.512191",Rua da Prefeitura,"-10.502217, -39.009604"
Eunápolis,2910727,17.0,394.5,670.4,11.24,Rua da Misericórdia,"-12.974331, -38.512191",Rua Arquimedes Martins,"-16.365182, -39.589861"
Fátima,2910750,339.0,266.3,348.8,5.19,Rua da Misericórdia,"-12.974331, -38.512191",Largo João Aribitu,"-10.59629, -38.218332"
Feira da Mata,2910776,210.0,638.6,848.1,12.92,Rua da Misericórdia,"-12.974331, -38.512191",Rua Galcino Pereira,"-14.212078, -44.282216"
Feira de Santana,2910800,5.0,93.8,117.3,1.65,Rua da Misericórdia,"-12.974331, -38.512191",Avenida Getúlio Vargas,"-12.255338, -38.965109"
Filadélfia,2910859,317.0,304.3,351.2,4.85,Rua da Misericórdia,"-12.974331, -38.512191",Travessa Mangueira,"-10.742341, -40.130412"
Firmino Alves,2910909,258.0,270.7,486.8,7.92,Rua da Misericórdia,"-12.974331, -38.512191",Firmino Alves,"-14.987175, -39.92422"
Floresta Azul,2911006,347.0,243.3,471.7,7.67,Rua da Misericórdia,"-12.974331, -38.512191",Rua Elisia Matos,"-14.859285, -39.657391"
Formosa do Rio Preto,2911105,90.0,757.4,1011.7,13.38,Rua da Misericórdia,"-12.974331, -38.512191",Avenida Antônio Carlos Magalhães,"-11.041027, -45.190463"
Gandu,2911204,62.0,136.1,286.5,4.56,Rua da Misericórdia,"-12.974331, -38.512191",Rua Manoel Libanio da Silva,"-13.745402, -39.489277"
Gavião,2911253,155.0,216.7,251.5,3.66,Rua da Misericórdia,"-12.974331, -38.512191",Rua Eunice Almeira Moura,"-11.471277, -39.783042"
Gentio do Ouro,2911303,339.0,466.8,593.3,9.32,Rua da Misericórdia,"-12.974331, -38.512191",Gentio do Ouro,"-11.430085, -42.50641"
Glória,2911402,181.0,404.8,487.3,7.45,Rua da Misericórdia,"-12.974331, -38.512191",Avenida José Hemetério de Carvalho,"-9.342656, -38.255423"
Gongogi,2911501,272.0,182.1,379.3,6.02,Rua da Misericórdia,"-12.974331, -38.512191",Rua 12 de Abril,"-14.324019, -39.466208"
Governador Mangabeira,2911600,46.0,70.9,129.2,1.96,Rua da Misericórdia,"-12.974331, -38.512191",Rua José Martins,"-12.602029, -39.043021"
Guajeru,2911659,306.0,409.2,599.2,9.01,Rua da Misericórdia,"-12.974331, -38.512191",Guajeru,"-14.54648, -41.937728"
Guanambi,2911709,25.0,481.7,677.1,10.25,Rua da Misericórdia,"-12.974331, -38.512191",Guanambi,"-14.219286, -42.78165"
Guaratinga,2911808,344.0,424.1,725.9,12.1,Rua da Misericórdia,"-12.974331, -38.512191",Avenida Juscelino Kubitschek,"-16.585566, -39.779941"
Heliópolis,2911857,324.0,256.9,341.3,5.06,Rua da Misericórdia,"-12.974331, -38.512191",Praça José Dantas,"-10.675248, -38.281486"
Iaçu,2911907,286.0,185.5,280.5,3.91,Rua da Misericórdia,"-12.974331, -38.512191",Avenida Doutor Geraldo Mota,"-12.767314, -40.21063"
Ibiassucê,2912004,116.0,429.7,615.3,9.19,Rua da Misericórdia,"-12.974331, -38.512191",Rua Senador Antônio Fernandes,"-14.271363, -42.257929"
Ibicaraí,2912103,74.0,240.0,465.2,7.53,Rua da Misericórdia,"-12.974331, -38.512191",Ibicaraí,"-14.862335, -39.588961"
Ibicoara,2912202,195.0,304.1,548.1,7.54,Rua da Misericórdia,"-12.974331, -38.512191",Rua Demócrito Aguiar,"-13.413166, -41.285196"
Ibicuí,2912301,230.0,262.0,460.8,7.53,Rua da Misericórdia,"-12.974331, -38.512191",Rua Castro Alves,"-14.844915, -39.988051"
Ibipeba,2912400,96.0,407.6,521.8,7.97,Rua da Misericórdia,"-12.974331, -38.512191",Rua Aristides Almieda,"-11.642524, -42.008299"
Ibipitanga,2912509,230.0,431.0,589.5,8.11,Rua da Misericórdia,"-12.974331, -38.512191",Avenida Cleriston Andrade,"-12.880562, -42.487743"
Ibiquera,2912608,414.0,265.0,377.0,4.94,Rua da Misericórdia,"-12.974331, -38.512191",Rua Alexandrino Vasconcelos,"-12.6509, -40.934061"
Ibirapitanga,2912707,344.0,161.3,346.5,5.49,Rua da Misericórdia,"-12.974331, -38.512191",Ibirapitanga,"-14.161382, -39.369396"
Ibirapuã,2912806,104.0,551.5,903.4,15.22,Rua da Misericórdia,"-12.974331, -38.512191",Praça Lourival Pereira Barros,"-17.688569, -40.109727"
Ibirataia,2912905,272.0,172.2,334.5,5.3,Rua da Misericórdia,"-12.974331, -38.512191",Travessa Miro Rio,"-14.068848, -39.639397"
Ibitiara,2913002,225.0,403.3,540.7,7.22,Rua da Misericórdia,"-12.974331, -38.512191",Rua Francisco Castorino de Abreu,"-12.649336, -42.216972"
Ibititá,2913101,144.0,408.6,510.5,7.8,Rua da Misericórdia,"-12.974331, -38.512191",Praça Municipal,"-11.546176, -41.977387"
Ibotirama,2913200,55.0,518.5,657.6,8.94,Rua da Misericórdia,"-12.974331, -38.512191",Avenida JK,"-12.185848, -43.221737"
Ichu,2913309,66.0,155.0,186.8,2.77,Rua da Misericórdia,"-12.974331, -38.512191",Praça da Matriz,"-11.748852, -39.192739"
Igaporã,2913408,104.0,463.3,682.5,10.25,Rua da Misericórdia,"-12.974331, -38.512191",Rua 7 de Setembro,"-13.771916, -42.715682"
Igrapiúna,2913457,286.0,116.4,292.6,4.6,Rua da Misericórdia,"-12.974331, -38.512191",Igrapiúna,"-13.822731, -39.142143"
Iguaí,2913507,362.0,261.0,445.4,7.3,Rua da Misericórdia,"-12.974331, -38.512191",Rua Ramiro Matos,"-14.752783, -40.089307"
Ilhéus,2913606,13.0,524.3,830.9,13.79,Rua da Misericórdia,"-12.974331, -38.512191",Avenida Marechal Castelo Branco,"-17.538369, -39.738763"
Inhambupe,2913705,317.0,132.5,161.6,2.58,Rua da Misericórdia,"-12.974331, -38.512191",Inhambupe,"-11.791401, -38.360068"
Ipecaetá,2913804,368.0,113.1,171.5,2.38,Rua da Misericórdia,"-12.974331, -38.512191",Rua Evaristo Reis,"-12.315621, -39.306634"
Ipiaú,2913903,26.0,136.1,286.5,4.56,Rua da Misericórdia,"-12.974331, -38.512191",Rua Manoel Libanio da Silva,"-13.745402, -39.489277"
Ipirá,2914000,371.0,161.4,211.8,3.09,Rua da Misericórdia,"-12.974331, -38.512191",Rua Pergentino Dutra,"-12.158157, -39.741739"
Ipupiara,2914109,199.0,463.2,636.9,8.67,Rua da Misericórdia,"-12.974331, -38.512191",Rua Adão Francisco Martins,"-11.822375, -42.611112"
Irajuba,2914208,272.0,173.0,307.5,4.39,Rua da Misericórdia,"-12.974331, -38.512191",Travessa Paulino Coelho,"-13.252288, -40.08428"
Iramaia,2914307,296.0,267.2,401.7,6.43,Rua da Misericórdia,"-12.974331, -38.512191",Rua Artur Magalhães,"-13.294091, -40.957687"
Iraquara,2914406,155.0,346.5,471.9,6.16,Rua da Misericórdia,"-12.974331, -38.512191",Rua Tito Luna Freire,"-12.24374, -41.616878"
Irará,2914505,88.0,107.2,136.8,1.94,Rua da Misericórdia,"-12.974331, -38.512191",Irará,"-12.041912, -38.763422"
Irecê,2914604,11.0,408.6,510.5,7.8,Rua da Misericórdia,"-12.974331, -38.512191",Praça Municipal,"-11.546176, -41.977387"
Itabela,2914653,155.0,415.7,698.0,11.67,Rua da Misericórdia,"-12.974331, -38.512191",Avenida Manoel Ribeiro Carneiro,"-16.573028, -39.558432"
Itaberaba,2914703,88.0,200.6,279.6,3.56,Rua da Misericórdia,"-12.974331, -38.512191",Avenida Barão do Rio Branco,"-12.532083, -40.305259"
Itabuna,2914802,5.0,524.3,830.9,13.79,Rua da Misericórdia,"-12.974331, -38.512191",Avenida Marechal Castelo Branco,"-17.538369, -39.738763"
Itacaré,2914901,237.0,154.1,362.8,5.72,Rua da Misericórdia,"-12.974331, -38.512191",Rua Rui Barbosa,"-14.278331, -38.995444"
Itaeté,2915007,290.0,266.0,426.8,6.21,Rua da Misericórdia,"-12.974331, -38.512191",Rua Adelardo Silva,"-12.982524, -40.967411"
Itagi,2915106,389.0,208.7,417.0,6.15,Rua da Misericórdia,"-12.974331, -38.512191",Itagi,"-14.163292, -40.006911"
Itagibá,2915205,206.0,205.2,372.9,5.97,Rua da Misericórdia,"-12.974331, -38.512191",Rua Albino Cajaíba,"-14.288924, -39.845138"
Itagimirim,2915304,58.0,366.0,649.7,10.86,Rua da Misericórdia,"-12.974331, -38.512191",Rua São João,"-16.08728, -39.615576"
Itaguaçu da Bahia,2915353,326.0,475.7,550.1,8.44,Rua da Misericórdia,"-12.974331, -38.512191",Rua José Buzio de Carvalho,"-11.011654, -42.398401"
Itaju do Colônia,2915403,187.0,274.1,509.9,8.53,Rua da Misericórdia,"-12.974331, -38.512191",Itaju do Colônia,"-15.141195, -39.724062"
Itajuípe,2915502,155.0,210.8,413.4,6.57,Rua da Misericórdia,"-12.974331, -38.512191",Rua Cerqueira Campos,"-14.674311, -39.376115"
Itamaraju,2915601,70.0,465.7,763.9,12.75,Rua da Misericórdia,"-12.974331, -38.512191",Praça da Independência,"-17.04335, -39.538111"
Itamari,2915700,258.0,154.8,315.8,5.0,Rua da Misericórdia,"-12.974331, -38.512191",Itamari,"-13.778294, -39.680538"
Itambé,2915809,258.0,340.1,573.3,8.43,Rua da Misericórdia,"-12.974331, -38.512191",Rua Gentil Flores,"-15.243546, -40.626935"
Itanagra,2915908,230.0,94.7,126.2,2.04,Rua da Misericórdia,"-12.974331, -38.512191",Rua Padre Luiz Palmeiras,"-12.258933, -38.038543"
Itanhém,2916005,52.0,505.9,846.4,15.08,Rua da Misericórdia,"-12.974331, -38.512191",Praça Castro Alves,"-17.171642, -40.330038"
Itaparica,2916104,26.0,21.4,31.6,1.18,Rua da Misericórdia,"-12.974331, -38.512191",Rua Luís da Grana,"-12.881549, -38.685049"
Itapé,2916203,155.0,235.4,447.5,7.21,Rua da Misericórdia,"-12.974331, -38.512191",Itapé,"-14.897103, -39.424615"
Itapebi,2916302,290.0,350.6,635.6,10.72,Rua da Misericórdia,"-12.974331, -38.512191",Avenida Othon Cachoeira Costa,"-15.96817, -39.534445"
Itapetinga,2916401,29.0,314.3,544.4,8.62,Rua da Misericórdia,"-12.974331, -38.512191",Rua Coronel Belizário Ferraz,"-15.245065, -40.248678"
Itapicuru,2916500,417.0,187.7,225.2,3.58,Rua da Misericórdia,"-12.974331, -38.512191",Beco da Igreja,"-11.310703, -38.220295"
Itapitanga,2916609,296.0,197.1,401.3,6.49,Rua da Misericórdia,"-12.974331, -38.512191",Rua da Conquista,"-14.4215, -39.566515"
Itaquara,2916708,360.0,163.1,327.2,4.79,Rua da Misericórdia,"-12.974331, -38.512191",Itaquara,"-13.446491, -39.938318"
Itarantim,2916807,120.0,341.6,600.7,9.58,Rua da Misericórdia,"-12.974331, -38.512191",Rua Potiraguá,"-15.6554, -40.059823"
Itatim,2916856,241.0,131.9,214.9,2.89,Rua da Misericórdia,"-12.974331, -38.512191",Itatim,"-12.707332, -39.697219"
Itiruçu,2916906,151.0,187.9,337.7,4.84,Rua da Misericórdia,"-12.974331, -38.512191",Avenida Josias Duarte Santos,"-13.533825, -40.150193"
Itiúba,2917003,385.0,292.5,381.9,5.3,Rua da Misericórdia,"-12.974331, -38.512191",Avenida Getúlio Vargas,"-10.694156, -39.852675"
Itororó,2917102,177.0,291.5,511.1,8.21,Rua da Misericórdia,"-12.974331, -38.512191",Rua João Alves de Oliveira,"-15.118186, -40.068137"
Ituaçu,2917201,301.0,315.4,509.7,7.5,Rua da Misericórdia,"-12.974331, -38.512191",Praça Gilberto Gil,"-13.813792, -41.297639"
Ituberá,2917300,131.0,109.1,282.2,4.41,Rua da Misericórdia,"-12.974331, -38.512191",Rua Melo Leite,"-13.736174, -39.148311"
Iuiu,2917334,195.0,567.3,774.3,11.78,Rua da Misericórdia,"-12.974331, -38.512191",Rua José Ferreira Filho,"-14.411638, -43.55089"
Jaborandi,2917359,110.0,648.6,929.4,12.98,Rua da Misericórdia,"-12.974331, -38.512191",Rua Sete de Setembro,"-13.620521, -44.469471"
Jacaraci,2917409,181.0,471.5,677.7,10.7,Rua da Misericórdia,"-12.974331, -38.512191",Avenida Mozart David,"-14.845759, -42.43305"
Jacobina,2917508,42.0,240.5,277.9,3.96,Rua da Misericórdia,"-12.974331, -38.512191",Avenida Luis Eduardo Magalhães,"-11.378957, -40.006711"
Jaguaquara,2917607,251.0,169.3,337.4,4.83,Rua da Misericórdia,"-12.974331, -38.512191",Jaguaquara,"-13.527044, -39.969409"
Jaguarari,2917706,37.0,353.3,407.0,5.61,Rua da Misericórdia,"-12.974331, -38.512191",Avenida Clementino Cunha,"-10.257614, -40.194437"
Jaguaripe,2917805,351.0,44.2,215.5,3.42,Rua da Misericórdia,"-12.974331, -38.512191",Jaguaripe,"-13.11463, -38.894141"
Jandaíra,2917904,368.0,175.5,206.3,3.26,Rua da Misericórdia,"-12.974331, -38.512191",Rua Olavo Leite,"-11.565052, -37.782933"
Jequié,2918001,33.0,169.3,337.4,4.83,Rua da Misericórdia,"-12.974331, -38.512191",Jequié,"-13.527044, -39.969409"
Jeremoabo,2918100,375.0,323.2,396.5,5.95,Rua da Misericórdia,"-12.974331, -38.512191",Avenida José Gonçalves de Sá,"-10.071826, -38.34975"
Jiquiriçá,2918209,360.0,118.7,246.5,3.85,Rua da Misericórdia,"-12.974331, -38.512191",Jiquiriçá,"-13.255288, -39.569228"
Jitaúna,2918308,278.0,188.7,397.6,5.8,Rua da Misericórdia,"-12.974331, -38.512191",Jitaúna,"-14.017008, -39.88901"
João Dourado,2918357,181.0,387.2,457.6,6.97,Rua da Misericórdia,"-12.974331, -38.512191",Praça João Dourado,"-11.348264, -41.66266"
Juazeiro,2918407,17.0,451.8,508.5,7.17,Rua da Misericórdia,"-12.974331, -38.512191",Praça Barão do Rio Branco,"-9.411378, -40.503717"
Jucuruçu,2918456,394.0,465.1,790.4,13.7,Rua da Misericórdia,"-12.974331, -38.512191",Rua São Sebastião,"-16.843344, -40.158364"
Jussara,2918506,296.0,432.9,511.4,7.89,Rua da Misericórdia,"-12.974331, -38.512191",Jussara,"-11.047391, -41.971722"
Jussari,2918555,308.0,268.0,486.9,7.76,Rua da Misericórdia,"-12.974331, -38.512191",Jussari,"-15.188185, -39.493594"
Jussiape,2918605,144.0,338.7,557.4,7.96,Rua da Misericórdia,"-12.974331, -38.512191",Rua Bahia,"-13.513197, -41.59199"
Lafaiete Coutinho,2918704,155.0,198.9,362.3,5.26,Rua da Misericórdia,"-12.974331, -38.512191",Avenida São Roque,"-13.655448, -40.212179"
Lagoa Real,2918753,383.0,409.8,610.3,9.23,Rua da Misericórdia,"-12.974331, -38.512191",Avenida Santa Maria,"-14.034946, -42.142181"
Laje,2918803,220.0,101.2,223.0,3.47,Rua da Misericórdia,"-12.974331, -38.512191",Laje,"-13.18093, -39.422123"
Lajedão,2918902,62.0,551.9,908.9,15.08,Rua da Misericórdia,"-12.974331, -38.512191",Rua José Evangelista Pessoa,"-17.612519, -40.345417"
Lajedinho,2919009,377.0,268.4,361.3,4.65,Rua da Misericórdia,"-12.974331, -38.512191",Lajedinho,"-12.355372, -40.903306"
Lajedo do Tabocal,2919058,230.0,193.0,347.1,4.99,Rua da Misericórdia,"-12.974331, -38.512191",Rua São Gabriel,"-13.474114, -40.219317"
Lamarão,2919108,410.0,137.2,185.2,2.63,Rua da Misericórdia,"-12.974331, -38.512191",Lamarão,"-11.796128, -38.885794"
Lapão,2919157,173.0,402.0,478.6,7.48,Rua da Misericórdia,"-12.974331, -38.512191",Lapão,"-11.383058, -41.833756"
Lauro de Freitas,2919207,2.0,22.1,26.6,0.48,Rua da Misericórdia,"-12.974331, -38.512191",Praça João Thiago dos Santos,"-12.896175, -38.324483"
Lençóis,2919306,80.0,315.6,419.4,5.42,Rua da Misericórdia,"-12.974331, -38.512191",Praça Otaviano Alves,"-12.563553, -41.392022"
Licínio de Almeida,2919405,84.0,471.2,668.5,10.35,Rua da Misericórdia,"-12.974331, -38.512191",Praça Dois de Julho,"-14.683649, -42.506067"
Livramento de Nossa Senhora,2919504,116.0,368.0,605.8,8.88,Rua da Misericórdia,"-12.974331, -38.512191","Via De Acesso | Prefeitura Municipal | Sede Oficial | Poder Executivo | Município De Livramento De Nossa Senhora, BA","-13.651112, -41.841728"
Luís Eduardo Magalhães,2919553,4.0,317.6,484.3,7.1,Rua da Misericórdia,"-12.974331, -38.512191",Praça Luís Eduardo Magalhães,"-14.02224, -41.244854"
Macajuba,2919603,408.0,221.0,294.7,4.41,Rua da Misericórdia,"-12.974331, -38.512191",Rua Coronel José Ribeiro Sampaio,"-12.137889, -40.358966"
Macarani,2919702,134.0,354.1,586.8,9.3,Rua da Misericórdia,"-12.974331, -38.512191",Avenida Camilo de Jesus Lima,"-15.564834, -40.423616"
Macaúbas,2919801,124.0,452.5,625.7,8.75,Rua da Misericórdia,"-12.974331, -38.512191",Macaúbas,"-13.017422, -42.687938"
Macururé,2919900,138.0,427.4,477.9,6.81,Rua da Misericórdia,"-12.974331, -38.512191",Praça Municipal,"-9.167927, -39.059183"
Madre de Deus,2919926,7.0,27.8,64.6,1.02,Rua da Misericórdia,"-12.974331, -38.512191",Avenida Deijair Maria Pinheiro,"-12.745728, -38.615528"
Maetinga,2919959,399.0,372.4,582.2,8.66,Rua da Misericórdia,"-12.974331, -38.512191",Maetinga,"-14.662815, -41.49173"
Maiquinique,2920007,272.0,349.4,594.2,9.37,Rua da Misericórdia,"-12.974331, -38.512191",Rua Francisco Martins,"-15.618239, -40.264824"
Mairi,2920106,290.0,226.5,296.8,4.44,Rua da Misericórdia,"-12.974331, -38.512191",Rua Manoel Alves Belas,"-11.71194, -40.148355"
Malhada,2920205,326.0,588.1,785.4,11.94,Rua da Misericórdia,"-12.974331, -38.512191",Rua Manoel Pedro,"-14.337847, -43.771791"
Malhada de Pedras,2920304,258.0,396.2,575.9,8.58,Rua da Misericórdia,"-12.974331, -38.512191",Rua Padre Ladislau,"-14.386754, -41.878837"
Manoel Vitorino,2920403,312.0,228.0,403.6,5.89,Rua da Misericórdia,"-12.974331, -38.512191",Avenida Gabriel Dantas Novaes,"-14.144946, -40.243744"
Mansidão,2920452,155.0,651.2,821.3,12.77,Rua da Misericórdia,"-12.974331, -38.512191",Rua Tranquedo Neves,"-10.719432, -44.035224"
Maracás,2920502,128.0,214.3,351.7,5.02,Rua da Misericórdia,"-12.974331, -38.512191",Avenida Doutor João Pessoa,"-13.440884, -40.433194"
Maragogipe,2920601,84.0,29.1,191.5,2.94,Rua da Misericórdia,"-12.974331, -38.512191",Maragogipe,"-12.872864, -38.760378"
Maraú,2920700,181.0,136.8,363.7,5.79,Rua da Misericórdia,"-12.974331, -38.512191",Rua Ubaitaba,"-14.103171, -39.01404"
Marcionílio Souza,2920809,329.0,218.8,330.6,4.84,Rua da Misericórdia,"-12.974331, -38.512191",Rua Deraldo Flores,"-13.002582, -40.531593"
Mascote,2920908,246.0,300.6,537.5,8.6,Rua da Misericórdia,"-12.974331, -38.512191",Praça Almir Silva Araújo,"-15.566819, -39.303896"
Mata de São João,2921005,28.0,54.4,62.7,1.0,Rua da Misericórdia,"-12.974331, -38.512191",Rua JJ. Seabra,"-12.530508, -38.300656"
Matina,2921054,290.0,480.1,707.0,10.7,Rua da Misericórdia,"-12.974331, -38.512191",Praça Sátiro Virgílio Fernandes,"-13.909725, -42.846207"
Medeiros Neto,2921104,74.0,522.4,890.6,14.73,Rua da Misericórdia,"-12.974331, -38.512191",Avenida Oscar Cardoso,"-17.373752, -40.220364"
Miguel Calmon,2921203,220.0,284.3,375.7,5.48,Rua da Misericórdia,"-12.974331, -38.512191",Rua Paulo Gonçalves,"-11.430514, -40.59751"
Milagres,2921302,83.0,146.7,241.4,3.32,Rua da Misericórdia,"-12.974331, -38.512191",Rua do Campo Velho,"-12.864665, -39.861065"
Mirangaba,2921401,391.0,317.6,372.0,5.46,Rua da Misericórdia,"-12.974331, -38.512191",Rua José Joaquim de Carvalho,"-10.954178, -40.576461"
Mirante,2921450,406.0,371.9,682.5,11.5,Rua da Misericórdia,"-12.974331, -38.512191",Avenida Cristal,"-16.281945, -39.024288"
Monte Santo,2921500,415.0,295.5,362.0,5.4,Rua da Misericórdia,"-12.974331, -38.512191",Praça Professor Salgado,"-10.4404, -39.331861"
Morpará,2921609,344.0,540.9,696.4,9.96,Rua da Misericórdia,"-12.974331, -38.512191",Morpará,"-11.562579, -43.276628"
Morro do Chapéu,2921708,210.0,328.1,396.0,5.99,Rua da Misericórdia,"-12.974331, -38.512191",Rua Coronel Dias Coelho,"-11.549997, -41.157333"
Mortugaba,2921807,90.0,474.3,702.5,10.87,Rua da Misericórdia,"-12.974331, -38.512191",Rua Israel Silva,"-15.023287, -42.368344"
Mucugê,2921906,131.0,309.7,470.1,6.27,Rua da Misericórdia,"-12.974331, -38.512191",Alto Boa Vista,"-13.005243, -41.370162"
Mucuri,2922003,33.0,578.4,928.4,15.38,Rua da Misericórdia,"-12.974331, -38.512191",Rua Canárias,"-18.080255, -39.545114"
Mulungu do Morro,2922052,312.0,357.7,505.4,6.69,Rua da Misericórdia,"-12.974331, -38.512191",Avenida Antonio Carlos Magalhães,"-11.965219, -41.640875"
Mundo Novo,2922102,199.0,246.5,304.8,4.6,Rua da Misericórdia,"-12.974331, -38.512191",Praça Hermínio Ramos,"-11.856868, -40.473082"
Muniz Ferreira,2922201,92.0,64.8,197.0,3.05,Rua da Misericórdia,"-12.974331, -38.512191",Rua SIqueira Campos,"-13.000928, -39.109525"
Muquém do São Francisco,2922250,,556.1,716.6,9.77,Rua da Misericórdia,"-12.974331, -38.512191",Rua Alcantara Souza Maia,"-12.065214, -43.549979"
Muritiba,2922300,36.0,64.9,123.0,1.88,Rua da Misericórdia,"-12.974331, -38.512191",Rua Oito de Agosto,"-12.62475, -38.991137"
Mutuípe,2922409,147.0,110.9,235.7,3.66,Rua da Misericórdia,"-12.974331, -38.512191",Avenida 12 de Outubro,"-13.227475, -39.503182"
Nazaré,2922508,,29.1,191.5,2.94,Rua da Misericórdia,"-12.974331, -38.512191",Nazaré,"-12.872864, -38.760378"
Nilo Peçanha,2922607,375.0,94.7,265.0,4.15,Rua da Misericórdia,"-12.974331, -38.512191",Rua Nova da Baixa Fria,"-13.60096, -39.104025"
Nordestina,2922656,334.0,259.2,332.9,5.12,Rua da Misericórdia,"-12.974331, -38.512191",Rua José Paulista,"-10.823456, -39.429901"
Nova Canaã,2922706,383.0,268.3,496.7,7.36,Rua da Misericórdia,"-12.974331, -38.512191",Rua Osvaldo Cruz,"-14.793793, -40.145396"
Nova Fátima,2922730,169.0,194.8,228.8,3.38,Rua da Misericórdia,"-12.974331, -38.512191",Nova Fátima,"-11.604535, -39.631005"
Nova Ibiá,2922755,301.0,152.1,305.8,4.88,Rua da Misericórdia,"-12.974331, -38.512191",Nova Ibiá,"-13.810401, -39.624947"
Nova Itarana,2922805,408.0,168.6,274.3,3.85,Rua da Misericórdia,"-12.974331, -38.512191",Rua Cruzeiro do Sul,"-13.027534, -40.067945"
Nova Redenção,2922854,308.0,278.2,416.0,5.48,Rua da Misericórdia,"-12.974331, -38.512191",Rua José Joaquim de Souza,"-12.822221, -41.074122"
Nova Soure,2922904,353.0,192.8,232.9,3.71,Rua da Misericórdia,"-12.974331, -38.512191",Rua do Paraiso,"-11.240948, -38.477426"
Nova Viçosa,2923001,40.0,556.8,929.7,15.51,Rua da Misericórdia,"-12.974331, -38.512191",Nova Viçosa,"-17.910593, -39.385825"
Novo Horizonte,2923035,169.0,240.5,277.9,3.96,Rua da Misericórdia,"-12.974331, -38.512191",Avenida Luis Eduardo Magalhães,"-11.378957, -40.006711"
Novo Triunfo,2923050,358.0,293.6,366.9,5.53,Rua da Misericórdia,"-12.974331, -38.512191",Praça Pedro Macário,"-10.334854, -38.420084"
Olindina,2923100,339.0,180.6,211.7,3.36,Rua da Misericórdia,"-12.974331, -38.512191",Rua Princesa Isabel,"-11.360159, -38.326936"
Oliveira dos Brejinhos,2923209,358.0,480.7,604.8,8.12,Rua da Misericórdia,"-12.974331, -38.512191",Avenida das Oliveiras,"-12.319422, -42.891418"
Ouriçangas,2923308,128.0,107.9,155.7,2.23,Rua da Misericórdia,"-12.974331, -38.512191",Ouriçangas,"-12.011002, -38.626086"
Ourolândia,2923357,334.0,357.5,409.9,6.08,Rua da Misericórdia,"-12.974331, -38.512191",Avenida José Ferreira Silva,"-10.968682, -41.080874"
Palmas de Monte Alto,2923407,220.0,522.7,719.3,10.92,Rua da Misericórdia,"-12.974331, -38.512191",Rua Góis Calmon,"-14.267306, -43.163033"
Palmeiras,2923506,,336.0,447.6,5.83,Rua da Misericórdia,"-12.974331, -38.512191",Praça Doutor José Gonçalves,"-12.515174, -41.574272"
Paramirim,2923605,100.0,406.7,658.1,9.57,Rua da Misericórdia,"-12.974331, -38.512191",Praça Santo Antônio,"-13.440964, -42.238764"
Paratinga,2923704,199.0,507.1,721.7,9.95,Rua da Misericórdia,"-12.974331, -38.512191",Paratinga,"-12.692426, -43.180958"
Paripiranga,2923803,266.0,264.5,353.2,5.04,Rua da Misericórdia,"-12.974331, -38.512191",Praça Doutor João Dantas de Carvalho,"-10.68167, -37.864717"
Pau Brasil,2923902,237.0,302.9,531.2,8.49,Rua da Misericórdia,"-12.974331, -38.512191",Praça Juracy Magalhães,"-15.464762, -39.651788"
Paulo Afonso,2924009,23.0,398.8,479.1,7.28,Rua da Misericórdia,"-12.974331, -38.512191",Paulo Afonso,"-9.398849, -38.226889"
Pé de Serra,2924058,215.0,174.0,221.0,3.31,Rua da Misericórdia,"-12.974331, -38.512191",Praça Vitor Carneiro,"-11.834596, -39.610647"
Pedrão,2924108,210.0,93.3,121.1,1.87,Rua da Misericórdia,"-12.974331, -38.512191",Rua 12 de Julho,"-12.144728, -38.646774"
Pedro Alexandre,2924207,412.0,336.2,447.0,6.67,Rua da Misericórdia,"-12.974331, -38.512191",Praça Coronel João Maria de Carvalho,"-10.012184, -37.894913"
Piatã,2924306,296.0,353.9,560.6,7.75,Rua da Misericórdia,"-12.974331, -38.512191",Rua Andreza Tatiléia Santana,"-13.153609, -41.774375"
Pilão Arcado,2924405,415.0,544.2,786.1,11.46,Rua da Misericórdia,"-12.974331, -38.512191",Avenida Rodolfo de Queiroz Filho,"-10.00051, -42.47931"
Pindaí,2924504,140.0,481.2,680.0,10.67,Rua da Misericórdia,"-12.974331, -38.512191",Praça do Mercado,"-14.490724, -42.685275"
Pindobaçu,2924603,266.0,319.4,381.9,5.61,Rua da Misericórdia,"-12.974331, -38.512191",Praça Pedro Luis,"-10.743969, -40.361784"
Pintadas,2924652,114.0,199.1,259.0,3.83,Rua da Misericórdia,"-12.974331, -38.512191",Pintadas,"-11.813035, -39.907529"
Piraí do Norte,2924678,403.0,127.9,303.2,4.85,Rua da Misericórdia,"-12.974331, -38.512191",Travessa Ruy Barbosa,"-13.76134, -39.374142"
Piripá,2924702,278.0,409.0,637.9,9.66,Rua da Misericórdia,"-12.974331, -38.512191",Rua Pedro Moura,"-14.941771, -41.714929"
Piritiba,2924801,258.0,261.5,324.4,4.89,Rua da Misericórdia,"-12.974331, -38.512191",Rua Reverendo Josias Silva Primo,"-11.732048, -40.55623"
Planaltino,2924900,290.0,203.6,321.7,4.57,Rua da Misericórdia,"-12.974331, -38.512191",Planaltino,"-13.260686, -40.369629"
Planalto,2925006,334.0,283.6,471.4,7.0,Rua da Misericórdia,"-12.974331, -38.512191",Rua Antônio Alves Azevedo,"-14.668681, -40.475506"
Poções,2925105,138.0,264.5,451.6,6.66,Rua da Misericórdia,"-12.974331, -38.512191",Rua Cardeal da Silva,"-14.527329, -40.366863"
Pojuca,2925204,30.0,63.4,76.7,1.28,Rua da Misericórdia,"-12.974331, -38.512191",Praça Almirante Vasconcelos,"-12.432074, -38.33009"
Ponto Novo,2925253,251.0,36.4,50.6,0.82,Rua da Misericórdia,"-12.974331, -38.512191",Ponto Novo,"-12.705681, -38.320085"
Porto Seguro,2925303,20.0,390.7,707.0,12.0,Rua da Misericórdia,"-12.974331, -38.512191",Rua Frei Calixto,"-16.446904, -39.064372"
Potiraguá,2925402,74.0,326.2,573.6,9.14,Rua da Misericórdia,"-12.974331, -38.512191",Praça Rita Maria Alves,"-15.59416, -39.874563"
Prado,2925501,84.0,491.1,814.1,13.55,Rua da Misericórdia,"-12.974331, -38.512191",Avenida Sergio Cameiro,"-17.335733, -39.230357"
Presidente Dutra,2925600,104.0,421.3,496.8,7.62,Rua da Misericórdia,"-12.974331, -38.512191",Presidente Dutra,"-11.295869, -41.987188"
Presidente Jânio Quadros,2925709,391.0,391.1,604.8,9.08,Rua da Misericórdia,"-12.974331, -38.512191",Avenida Cuiabá,"-14.685764, -41.677142"
Presidente Tancredo Neves,2925758,339.0,111.8,247.6,3.88,Rua da Misericórdia,"-12.974331, -38.512191",Presidente Tancredo Neves,"-13.450903, -39.42192"
Queimadas,2925808,187.0,252.5,291.7,4.45,Rua da Misericórdia,"-12.974331, -38.512191",Rua Genesio Moreira,"-10.980773, -39.625"
Quijingue,2925907,385.0,258.3,340.6,5.05,Rua da Misericórdia,"-12.974331, -38.512191",Avenida São João,"-10.753424, -39.208096"
Quixabeira,2925931,258.0,247.1,296.0,4.27,Rua da Misericórdia,"-12.974331, -38.512191",Rua José Gomes,"-11.410803, -40.128065"
Rafael Jambeiro,2925956,322.0,124.7,212.0,2.83,Rua da Misericórdia,"-12.974331, -38.512191",Praça Doutor Luis Eduardo Magalhães,"-12.405037, -39.503273"
Remanso,2926004,253.0,539.3,716.2,10.4,Rua da Misericórdia,"-12.974331, -38.512191",Avenida Quinze de Novembro,"-9.618214, -42.082898"
Retirolândia,2926103,55.0,192.2,236.9,3.39,Rua da Misericórdia,"-12.974331, -38.512191",Retirolândia,"-11.493638, -39.424538"
Riachão das Neves,2926202,258.0,708.2,911.5,12.19,Rua da Misericórdia,"-12.974331, -38.512191",Avenida JK,"-11.748132, -44.910933"
Riachão do Jacuípe,2926301,69.0,160.5,193.6,2.81,Rua da Misericórdia,"-12.974331, -38.512191",Rua João Paulo II,"-11.806849, -39.381401"
Riacho de Santana,2926400,100.0,483.8,712.8,10.72,Rua da Misericórdia,"-12.974331, -38.512191",Avenida Centenário,"-13.610049, -42.935857"
Ribeira do Amparo,2926509,413.0,215.3,262.9,4.28,Rua da Misericórdia,"-12.974331, -38.512191",Praça Irmã Mônica Maria Van Clooster,"-11.039374, -38.430386"
Ribeira do Pombal,2926608,147.0,236.7,300.2,4.45,Rua da Misericórdia,"-12.974331, -38.512191",Rua João de Deus Conceição Filho,"-10.84516, -38.541973"
Ribeirão do Largo,2926657,395.0,366.1,609.1,9.23,Rua da Misericórdia,"-12.974331, -38.512191",Ribeirão do Largo,"-15.45898, -40.741076"
Rio de Contas,2926707,134.0,363.2,593.3,8.58,Rua da Misericórdia,"-12.974331, -38.512191",Largo do Rosário,"-13.57837, -41.810873"
Rio do Antônio,2926806,272.0,416.7,602.8,9.01,Rua da Misericórdia,"-12.974331, -38.512191",Rua Ipê,"-14.406528, -42.076616"
Rio do Pires,2926905,177.0,409.6,606.2,8.71,Rua da Misericórdia,"-12.974331, -38.512191",Rua Manoel Cândido Pereira,"-13.125444, -42.290044"
Rio Real,2927002,290.0,177.0,207.3,3.26,Rua da Misericórdia,"-12.974331, -38.512191",Praça da Bandeira,"-11.48689, -37.931955"
Rodelas,2927101,62.0,459.6,544.6,8.1,Rua da Misericórdia,"-12.974331, -38.512191",Rua João Saturino de Resende,"-8.848693, -38.768346"
Ruy Barbosa,2927200,120.0,228.4,318.1,4.15,Rua da Misericórdia,"-12.974331, -38.512191",Ruy Barbosa,"-12.285778, -40.495841"
Salinas da Margarida,2927309,92.0,29.1,191.5,2.94,Rua da Misericórdia,"-12.974331, -38.512191",Salinas da Margarida,"-12.872864, -38.760378"
Salvador,2927408,1.0,0.0,0.0,0.0,Rua da Misericórdia,"-12.974331, -38.512191",Rua da Misericórdia,"-12.974331, -38.512191"
Santa Bárbara,2927507,237.0,124.0,150.5,2.07,Rua da Misericórdia,"-12.974331, -38.512191",Santa Bárbara,"-11.954272, -38.97325"
Santa Brígida,2927606,377.0,362.6,447.9,6.77,Rua da Misericórdia,"-12.974331, -38.512191",Rua Presidente Juscelino Kubitschek,"-9.735388, -38.129048"
Santa Cruz Cabrália,2927705,40.0,371.9,682.5,11.5,Rua da Misericórdia,"-12.974331, -38.512191",Avenida Cristal,"-16.281945, -39.024288"
Santa Cruz da Vitória,2927804,120.0,261.8,497.4,7.99,Rua da Misericórdia,"-12.974331, -38.512191",Rua Eurico Dutra,"-14.962911, -39.810527"
Santa Inês,2927903,286.0,145.7,285.1,4.44,Rua da Misericórdia,"-12.974331, -38.512191",Rua Antero Duarte,"-13.289535, -39.818038"
Santa Luzia,2928059,351.0,287.0,523.6,8.32,Rua da Misericórdia,"-12.974331, -38.512191",Santa Luzia,"-15.429189, -39.333737"
Santa Maria da Vitória,2928109,104.0,616.5,878.0,12.19,Rua da Misericórdia,"-12.974331, -38.512191",Santa Maria da Vitória,"-13.384802, -44.190709"
Santa Rita de Cássia,2928406,134.0,689.3,1024.4,13.75,Rua da Misericórdia,"-12.974331, -38.512191",Santa Rita de Cássia,"-11.001303, -44.521216"
Santa Terezinha,2928505,,46.2,55.9,0.9,Rua da Misericórdia,"-12.974331, -38.512191",Travessa Raimundo Conceição Tabelião,"-12.607933, -38.310492"
Santaluz,2928000,165.0,213.4,251.3,3.84,Rua da Misericórdia,"-12.974331, -38.512191",Rua Rozendo Lopes,"-11.250533, -39.374674"
Santana,2928208,125.0,93.8,117.3,1.65,Rua da Misericórdia,"-12.974331, -38.512191",Avenida Getúlio Vargas,"-12.255338, -38.965109"
Santanópolis,2928307,187.0,112.3,152.0,2.15,Rua da Misericórdia,"-12.974331, -38.512191",Rua Vítor Joaquim de Almeida,"-12.024389, -38.864875"
Santo Amaro,2928604,44.0,51.4,79.9,1.14,Rua da Misericórdia,"-12.974331, -38.512191",Rua Conselheiro Saraiva,"-12.551954, -38.70602"
Santo Antônio de Jesus,2928703,8.0,74.9,236.6,3.71,Rua da Misericórdia,"-12.974331, -38.512191",Travessa General Labaut,"-13.370687, -39.071586"
Santo Estêvão,2928802,73.0,100.5,156.8,2.11,Rua da Misericórdia,"-12.974331, -38.512191",Praça Sete de Setembro,"-12.429471, -39.251355"
São Desidério,2928901,253.0,704.7,891.5,11.94,Rua da Misericórdia,"-12.974331, -38.512191",Rua Silvio José de Santana,"-12.357197, -44.976822"
São Domingos,2928950,49.0,465.7,763.9,12.75,Rua da Misericórdia,"-12.974331, -38.512191",Praça da Independência,"-17.04335, -39.538111"
São Felipe,2929107,96.0,64.8,174.1,2.67,Rua da Misericórdia,"-12.974331, -38.512191",Rua José dos Reis Jaqueira,"-12.840761, -39.094187"
São Félix,2929008,50.0,367.6,538.4,7.94,Rua da Misericórdia,"-12.974331, -38.512191",Praça Coronel Zeca Leite,"-14.204177, -41.669761"
São Félix do Coribe,2929057,50.0,616.5,882.1,12.24,Rua da Misericórdia,"-12.974331, -38.512191",Avenida Lessa,"-13.40408, -44.190139"
São Francisco do Conde,2929206,23.0,42.6,72.1,1.11,Rua da Misericórdia,"-12.974331, -38.512191",São Francisco do Conde,"-12.628039, -38.681169"
São Gabriel,2929255,187.0,414.1,488.0,7.48,Rua da Misericórdia,"-12.974331, -38.512191",Rua Valdemar Gama,"-11.228347, -41.876786"
São Gonçalo dos Campos,2929305,70.0,76.5,116.4,1.69,Rua da Misericórdia,"-12.974331, -38.512191",Rua da Estrada de Ferro,"-12.43396, -38.94839"
São José da Vitória,2929354,377.0,251.1,461.1,7.33,Rua da Misericórdia,"-12.974331, -38.512191",Rua Rui Barbosa,"-15.084477, -39.339726"
São José do Jacuípe,2929370,362.0,231.7,292.9,4.18,Rua da Misericórdia,"-12.974331, -38.512191",São José do Jacuípe,"-11.504234, -40.02424"
São Miguel das Matas,2929404,181.0,102.5,220.1,3.45,Rua da Misericórdia,"-12.974331, -38.512191",Praça Maria Madalena,"-13.047772, -39.455747"
São Sebastião do Passé,2929503,38.0,50.8,66.9,0.97,Rua da Misericórdia,"-12.974331, -38.512191",Avenida Ernâni de Oliveira Rocha,"-12.517775, -38.491886"
Sapeaçu,2929602,104.0,77.8,152.0,2.36,Rua da Misericórdia,"-12.974331, -38.512191",Rua Milton Silva,"-12.729656, -39.185314"
Sátiro Dias,2929701,406.0,152.6,214.2,3.49,Rua da Misericórdia,"-12.974331, -38.512191",Sátiro Dias,"-11.603444, -38.581625"
Saubara,2929750,92.0,38.1,104.3,1.57,Rua da Misericórdia,"-12.974331, -38.512191",Saubara,"-12.736498, -38.766905"
Saúde,2929800,371.0,306.7,362.1,5.25,Rua da Misericórdia,"-12.974331, -38.512191",Rua Rui Barbosa,"-10.941537, -40.418851"
Seabra,2929909,57.0,358.7,466.5,6.08,Rua da Misericórdia,"-12.974331, -38.512191",Rua Horácio de Matos,"-12.418161, -41.769708"
Sebastião Laranjeiras,2930006,100.0,510.4,729.4,11.25,Rua da Misericórdia,"-12.974331, -38.512191",Rua Dois de Maio,"-14.570086, -42.943364"
Senhor do Bonfim,2930105,30.0,292.5,381.9,5.3,Rua da Misericórdia,"-12.974331, -38.512191",Avenida Getúlio Vargas,"-10.694156, -39.852675"
Sento Sé,2930204,225.0,514.2,695.4,10.14,Rua da Misericórdia,"-12.974331, -38.512191",Sento Sé,"-9.73964, -41.883024"
Serra do Ramalho,2930154,176.0,551.6,839.3,11.77,Rua da Misericórdia,"-12.974331, -38.512191",Rua Rio de Janeiro,"-13.543859, -43.574857"
Serra Dourada,2930303,125.0,589.9,792.5,10.86,Rua da Misericórdia,"-12.974331, -38.512191",Rua Duque de Caxias,"-12.759068, -43.949916"
Serra Preta,2930402,312.0,126.7,171.2,2.47,Rua da Misericórdia,"-12.974331, -38.512191",Serra Preta,"-12.160818, -39.330417"
Serrinha,2930501,58.0,188.5,221.0,3.17,Rua da Misericórdia,"-12.974331, -38.512191",Rua José Pinheiro,"-11.337422, -38.963079"
Serrolândia,2930600,,259.8,317.7,4.68,Rua da Misericórdia,"-12.974331, -38.512191",Travessa Pedro Coleta de Matos,"-11.419975, -40.297268"
Simões Filho,2930709,22.0,24.1,29.6,0.47,Rua da Misericórdia,"-12.974331, -38.512191",Simões Filho,"-12.787626, -38.398918"
Sítio do Mato,2930758,322.0,537.1,791.4,11.18,Rua da Misericórdia,"-12.974331, -38.512191",Rua das Flores,"-13.084319, -43.468674"
Sítio do Quinto,2930766,403.0,291.8,372.5,5.62,Rua da Misericórdia,"-12.974331, -38.512191",AvenidaTingui,"-10.367923, -38.204047"
Sobradinho,2930774,66.0,462.9,552.6,7.89,Rua da Misericórdia,"-12.974331, -38.512191",Rua B,"-9.471393, -40.805825"
Souto Soares,2930808,187.0,354.3,490.2,6.45,Rua da Misericórdia,"-12.974331, -38.512191",Avenida Prefeito José Sampaio,"-12.089888, -41.648524"
Tabocas do Brejo Velho,2930907,230.0,596.7,790.5,10.85,Rua da Misericórdia,"-12.974331, -38.512191",Tabocas do Brejo Velho,"-12.702046, -44.008794"
Tanhaçu,2931004,266.0,317.6,484.3,7.1,Rua da Misericórdia,"-12.974331, -38.512191",Praça Luís Eduardo Magalhães,"-14.02224, -41.244854"
Tanque Novo,2931053,155.0,434.7,685.9,9.99,Rua da Misericórdia,"-12.974331, -38.512191",Avenida Prefeito Elson Neves de Oliveira,"-13.551017, -42.485103"
Tanquinho,2931103,169.0,128.5,157.4,2.23,Rua da Misericórdia,"-12.974331, -38.512191",Tanquinho,"-11.974706, -39.10559"
Taperoá,2931202,312.0,89.2,257.1,4.03,Rua da Misericórdia,"-12.974331, -38.512191",Rua Francisco Marquês Filho,"-13.537395, -39.098284"
Tapiramutá,2931301,177.0,278.1,354.5,5.39,Rua da Misericórdia,"-12.974331, -38.512191",Rua Paiaiá,"-11.844721, -40.796992"
Teixeira de Freitas,2931350,14.0,524.3,830.9,13.79,Rua da Misericórdia,"-12.974331, -38.512191",Avenida Marechal Castelo Branco,"-17.538369, -39.738763"
Teodoro Sampaio,2931400,177.0,75.7,97.2,1.4,Rua da Misericórdia,"-12.974331, -38.512191",Teodoro Sampaio,"-12.30555, -38.640888"
Teofilândia,2931509,312.0,173.4,203.6,2.9,Rua da Misericórdia,"-12.974331, -38.512191",Rua Antônio Oliveira,"-11.489064, -38.999963"
Teolândia,2931608,353.0,127.1,268.6,4.24,Rua da Misericórdia,"-12.974331, -38.512191",Rua Lomanto Junior,"-13.603431, -39.492632"
Terra Nova,2931707,258.0,64.0,83.2,1.18,Rua da Misericórdia,"-12.974331, -38.512191",Terra Nova,"-12.408828, -38.622822"
Tremedal,2931806,405.0,384.0,600.5,9.08,Rua da Misericórdia,"-12.974331, -38.512191",Tremedal,"-14.977123, -41.411214"
Tucano,2931905,253.0,225.5,267.6,3.91,Rua da Misericórdia,"-12.974331, -38.512191",Praça Doutor Osvaldo Assunção,"-10.963452, -38.785961"
Uauá,2932002,134.0,363.8,427.9,6.12,Rua da Misericórdia,"-12.974331, -38.512191",Praça Belarmino José Rodrigues,"-9.843534, -39.483024"
Ubaíra,2932101,241.0,128.5,259.2,4.03,Rua da Misericórdia,"-12.974331, -38.512191",Ubaíra,"-13.261354, -39.661079"
Ubaitaba,2932200,116.0,172.6,364.2,5.78,Rua da Misericórdia,"-12.974331, -38.512191",Rua Juca Magalhães,"-14.311395, -39.322704"
Ubatã,2932309,181.0,175.8,369.6,5.86,Rua da Misericórdia,"-12.974331, -38.512191",Avenida Landulfo Alves,"-14.211798, -39.52442"
Uibaí,2932408,92.0,433.7,513.5,7.93,Rua da Misericórdia,"-12.974331, -38.512191",Avenida Pedro Joaquim Machado,"-11.339287, -42.134607"
Umburanas,2932457,411.0,394.7,446.9,6.76,Rua da Misericórdia,"-12.974331, -38.512191",Rua Liborino LOpes de Almeida,"-10.728739, -41.322062"
Una,2932507,334.0,265.0,484.7,7.69,Rua da Misericórdia,"-12.974331, -38.512191",Praça Doutor Manoel Pereira de Andrade,"-15.293947, -39.074186"
Urandi,2932606,165.0,489.6,693.7,10.83,Rua da Misericórdia,"-12.974331, -38.512191",Rua Santos Dumont,"-14.768794, -42.654484"
Uruçuca,2932705,96.0,198.3,400.8,6.36,Rua da Misericórdia,"-12.974331, -38.512191",Uruçuca,"-14.591192, -39.286178"
Utinga,2932804,199.0,297.1,424.0,5.52,Rua da Misericórdia,"-12.974331, -38.512191",Rua Leonor Belas,"-12.07818, -41.091008"
Valença,2932903,80.0,74.9,236.6,3.71,Rua da Misericórdia,"-12.974331, -38.512191",Travessa General Labaut,"-13.370687, -39.071586"
Valente,2933000,52.0,202.3,246.9,3.55,Rua da Misericórdia,"-12.974331, -38.512191",Rua Vicente Feliciano,"-11.409969, -39.464082"
Várzea da Roça,2933059,398.0,233.0,311.9,4.48,Rua da Misericórdia,"-12.974331, -38.512191",Praça da Bandeira,"-11.608199, -40.137971"
Várzea do Poço,2933109,278.0,253.7,330.0,4.92,Rua da Misericórdia,"-12.974331, -38.512191",Rua Nabor Lima Rios,"-11.528165, -40.318949"
Várzea Nova,2933158,353.0,326.5,403.5,6.05,Rua da Misericórdia,"-12.974331, -38.512191",Rua Messias Farias Soares,"-11.25299, -40.94592"
Varzedo,2933174,220.0,95.6,200.0,3.12,Rua da Misericórdia,"-12.974331, -38.512191",Varzedo,"-12.974486, -39.394587"
Vera Cruz,2933208,45.0,10.4,24.9,1.06,Rua da Misericórdia,"-12.974331, -38.512191",Rua São Bento,"-12.963653, -38.608153"
Vereda,2933257,266.0,501.5,858.3,14.46,Rua da Misericórdia,"-12.974331, -38.512191",Avenida Deputado Eujácio Simões,"-17.221522, -40.084742"
Vitória da Conquista,2933307,16.0,326.3,516.2,7.72,Rua da Misericórdia,"-12.974331, -38.512191",Rua Coronel Gugé,"-14.849934, -40.83698"
Wagner,2933406,215.0,298.3,399.3,5.13,Rua da Misericórdia,"-12.974331, -38.512191",Rua Antônio Jardim,"-12.281691, -41.168643"
Wanderley,2933455,151.0,591.4,746.4,10.51,Rua da Misericórdia,"-12.974331, -38.512191",Wanderley,"-12.120768, -43.890663"
Wenceslau Guimarães,2933505,385.0,131.2,279.2,4.42,Rua da Misericórdia,"-12.974331, -38.512191",Rua Antônio Jenkins,"-13.686324, -39.479052"
Xique-Xique,2933604,225.0,611.3,767.4,11.78,Rua da Misericórdia,"-12.974331, -38.512191",Avenida Prefeito Arival Viana,"-10.71413, -43.633682"
